label,text
spam,python -m pip install -r requirements.txt
spam,Hi I am a stock market explorer; I can give you INR 500000 if you invest in my stocks.
ham,"
Hello AMAN,
This is a reminder that contributions to Google Maps must follow our policies:
•	Our Terms of Service explain what you can expect when using Google services, and what Google expects from you.
•	Our Privacy Policy explains how your information is handled. We work hard to protect your information and put you in control.
•	Our Maps User-Generated Content Policy is designed to keep content on Google Maps trustworthy and reliable.
Not following these terms and policies may result in removal of your content or restrictions on your account. Your use of the platform is also subject to the Indian Information Technology Rules of 2021 (as amended) (ITR). We are required to remind users that violations of the ITR may have legal consequences. Additionally, we may be required to report certain illegal content, synthetically generated or otherwise, to the appropriate authorities. This mandatory reporting includes content that violates the Bharatiya Nagarik Suraksha Sanhita, 2023 or the Protection of Children from Sexual Offences Act, 2012.
Here are a few tips for contributing to Maps:
•	Post genuine reviews: Reviews posted in exchange for a payment, deal or discount are prohibited.
•	Share helpful media: Avoid heavily edited photos and selfies, which are less helpful for people trying to decide where to go.
•	Report inappropriate content: If you find content, a user profile, or a business listing that you believe may be violating our policies, please report it.
•	Beware of scams: Watch out for messages or phone calls from people you don’t know offering money in exchange for leaving a review. Learn more
Thank you,
The Google Maps Team"
spam,"🔴 LIVE TONIGHT · 8:30 PM · FREE · 100 SEATS ONLY

Still waiting for a callback?
Tonight, you find out why — and what to do about it.
You've got the skills. Maybe you've even applied to 20+ roles. But the offers aren't coming — and nobody's telling you why.

Kiran's been on the other side of that hiring table for 20+ years. Tonight he tells you everything.

Save My Seat — It's Free →
📅 Today  ·  ⏰ 8:30 PM  ·  100 seats — a few already gone

K
Kiran · Founding Member, Crio.Do

Ex Motorola · Nokia · NetScout · 20+ yrs on the hiring side

In 60 minutes you'll know

👀
Why your applications disappear into silence

The exact reason strong candidates get ghosted — and the shift that fixes it fast

🎯
What Amazon actually scores you on in interviews

3 criteria that never appear in any JD — but decide who gets the ₹8–12 LPA offer

💬
How to present data so managers actually listen

Business-first storytelling that makes Flipkart & Amazon hiring managers lean in

🗺️
A clear roadmap from where you are to ₹8–12 LPA

SQL → Python → GenAI — what to learn, in what order, to get there fastest

Session starts in

Countdown Timer
⚡ Last session filled in under 40 mins — grab your spot now

YES, SAVE MY SEAT →
Free · Tonight · 8:30 PM · 100 seats only

You've waited long enough for answers. Tonight, you get them.

Shruthi
Team Crio.do

Crio + NSDC Logo
Crio Is An Approved Training Partner of the NSDC, India.

  

Unsubscribe"
spam,"hello, Aman how are you!!I think you are doing well."
spam,"📘 DB Lab – 6
Data Aggregation using GROUP BY and HAVING

This project focuses on performing SQL aggregate operations to summarize and analyze data stored in a college database system.

🎯 Objective

To understand and apply aggregate functions, GROUP BY, and HAVING clauses for generating meaningful reports without modifying the database.

🗂️ Tables Used
Student
Faculty
Course
Enrollment
🛠️ Tasks Performed
Used aggregate functions like:
COUNT()
MAX()
MIN()
AVG()
SUM()
Applied GROUP BY for grouped analysis
Used HAVING clause for filtering grouped results
Performed aggregation with INNER JOIN queries
Generated analytical reports such as:
Department-wise student count
Semester-wise enrollments
Course-wise enrolled students
Faculty course count
📚 Concepts Covered
Aggregate Functions
GROUP BY Clause
HAVING Clause
Data Analysis using SQL
JOIN with Aggregation
📂 Files Included
SQL query file
Output screenshots
README.md
👨‍💻 Author

Aman Kumar
B.Tech CSE – DBMS Laboratory"
spam,Win  cash prize right now!
